sid,line,group,refkey,refurl,Type,LocalizationSID,Weight,Cost,Rarity,AnomalyElementType,ArtifactType,ArchiartifactType,MaxStackCount,ItemGridWidth,ItemGridHeight,IsQuestItem,IsQuestItemPrototype,RequireWeight,IgnoreEquippedWeight,Invisible,InvisibleInPlayerInventory,DestroyOnPickup,DropOnPickup,DetectorRequired,Strafe,ArtifactSpawn,LifeTime,LifeTimeDependant,Persistent,Radius,JumpAmount,JumpDistance,JumpDelay,JumpSeriesDelay,JumpHeight,JumpForce,JumpSpeedCoef,PlayerDistance,ReturnDistanceValue,StateTransitionDelay,DisableCollisionWhenHide,DamageToStaminaCoefficient,DamageToWeightCoefficient,MinWeight,MaxWeight,WeightDecreaseDelay,WeightDecreaseRate,WeightDecreaseAmount,MinimalDrunkenness,EffectsDuration,MaxCharge,ChargeThreshold,ChargingSpeed,bUseCharge,LandingForce
TemplateArtifact,15132,template,[0],../ItemPrototypes.cfg,EItemType::Artifact,,0.5,0.0,EArtifactRarity::Common,EAnomalyElementType::None,EArtifactType::None,EArchiartifactType::None,999,1,1,,,,false,false,false,false,false,true,true,true,3600.0,true,false,40.0,3,1500.0,6.0,45.0,100.0,15.0,1.0,1000.0,10000.0,1.0,true,,,,,,,,,,,,,,
EArtifactFlash,15213,ordinary-candidate,TemplateArtifact,,EItemType::Artifact,,0.3,12000.0,EArtifactRarity::Common,EAnomalyElementType::Electro,EArtifactType::Electro,EArchiartifactType::None,999,1,1,,,,false,false,false,false,false,true,true,true,3600.0,true,false,40.0,3,1500.0,6.0,45.0,100.0,15.0,1.0,1000.0,10000.0,1.0,true,,,,,,,,,,,,,,
EArtifactFlash_Fake,15301,fake,EArtifactFlash,,EItemType::Artifact,EArtifactFlash,0.3,12000.0,EArtifactRarity::Common,EAnomalyElementType::Electro,EArtifactType::Fake,EArchiartifactType::None,999,1,1,,,,false,false,false,true,false,true,true,true,3600.0,true,false,40.0,3,1500.0,6.0,45.0,100.0,15.0,1.0,1000.0,10000.0,1.0,true,,,,,,,,,,,,,,
EArtifactSoul,15390,ordinary-candidate,TemplateArtifact,,EItemType::Artifact,,0.4,20000.0,EArtifactRarity::Uncommon,EAnomalyElementType::Electro,EArtifactType::Electro,EArchiartifactType::None,999,1,1,,,,false,false,false,false,false,true,true,true,3600.0,true,false,40.0,5,1500.0,3.0,35.0,100.0,15.0,1.0,1000.0,10000.0,1.0,true,,,,,,,,,,,,,,
EArtifactSoul_Fake,15478,fake,EArtifactSoul,,EItemType::Artifact,EArtifactSoul,0.4,20000.0,EArtifactRarity::Uncommon,EAnomalyElementType::Electro,EArtifactType::Fake,EArchiartifactType::None,999,1,1,,,,false,false,false,true,false,true,true,true,3600.0,true,false,40.0,5,1500.0,3.0,35.0,100.0,15.0,1.0,1000.0,10000.0,1.0,true,,,,,,,,,,,,,,
EArtifactSnowflake,15572,ordinary-candidate,TemplateArtifact,,EItemType::Artifact,,0.3,12000.0,EArtifactRarity::Common,EAnomalyElementType::Electro,EArtifactType::Electro,EArchiartifactType::None,999,1,1,,,,false,false,false,false,false,true,true,true,3600.0,true,false,40.0,3,1500.0,6.0,45.0,100.0,15.0,1.0,1000.0,10000.0,1.0,true,,,,,,,,,,,,,,
EArtifactSnowflake_Fake,15660,fake,EArtifactSnowflake,,EItemType::Artifact,EArtifactSnowflake,0.3,12000.0,EArtifactRarity::Common,EAnomalyElementType::Electro,EArtifactType::Fake,EArchiartifactType::None,999,1,1,,,,false,false,false,true,false,true,true,true,3600.0,true,false,40.0,3,1500.0,6.0,45.0,100.0,15.0,1.0,1000.0,10000.0,1.0,true,,,,,,,,,,,,,,
GArtifactNightStar,15754,ordinary-candidate,TemplateArtifact,,EItemType::Artifact,,0.6,36000.0,EArtifactRarity::Rare,EAnomalyElementType::Gravity,EArtifactType::Gravity,EArchiartifactType::None,999,1,1,,,,false,false,false,false,false,true,true,true,3600.0,true,false,40.0,7,1500.0,3.0,25.0,100.0,15.0,1.0,1000.0,10000.0,1.0,true,,,,,,,,,,,,,,
GArtifactNightStar_Fake,15845,fake,GArtifactNightStar,,EItemType::Artifact,GArtifactNightStar,0.6,36000.0,EArtifactRarity::Rare,EAnomalyElementType::Gravity,EArtifactType::Fake,EArchiartifactType::None,999,1,1,,,,false,false,false,true,false,true,true,true,3600.0,true,false,40.0,7,1500.0,3.0,25.0,100.0,15.0,1.0,1000.0,10000.0,1.0,true,,,,,,,,,,,,,,
EArtifactDummy,15937,ordinary-candidate,TemplateArtifact,,EItemType::Artifact,,0.45,12000.0,EArtifactRarity::Common,EAnomalyElementType::Electro,EArtifactType::Electro,EArchiartifactType::None,999,1,1,,,,false,false,false,false,false,true,true,true,3600.0,true,false,40.0,3,1500.0,6.0,45.0,100.0,15.0,1.0,1000.0,10000.0,1.0,true,,,,,,,,,,,,,,
EArtifactDummy_Fake,16022,fake,EArtifactDummy,,EItemType::Artifact,EArtifactDummy,0.45,12000.0,EArtifactRarity::Common,EAnomalyElementType::Electro,EArtifactType::Fake,EArchiartifactType::None,999,1,1,,,,false,false,false,true,false,true,true,true,3600.0,true,false,40.0,3,1500.0,6.0,45.0,100.0,15.0,1.0,1000.0,10000.0,1.0,true,,,,,,,,,,,,,,
CArtifactCrystalThorn,16108,ordinary-candidate,TemplateArtifact,,EItemType::Artifact,,0.5,12000.0,EArtifactRarity::Common,EAnomalyElementType::Chemical,EArtifactType::Chemical,EArchiartifactType::None,999,1,1,,,,false,false,false,false,false,true,true,true,3600.0,true,false,40.0,3,1500.0,6.0,45.0,100.0,15.0,1.0,1000.0,10000.0,1.0,true,,,,,,,,,,,,,,
CArtifactCrystalThorn_Fake,16195,fake,CArtifactCrystalThorn,,EItemType::Artifact,CArtifactCrystalThorn,0.5,12000.0,EArtifactRarity::Common,EAnomalyElementType::Chemical,EArtifactType::Fake,EArchiartifactType::None,999,1,1,,,,false,false,false,true,false,true,true,true,3600.0,true,false,40.0,3,1500.0,6.0,45.0,100.0,15.0,1.0,1000.0,10000.0,1.0,true,,,,,,,,,,,,,,
EArtifactBattery,16283,ordinary-candidate,TemplateArtifact,,EItemType::Artifact,,0.4,12000.0,EArtifactRarity::Common,EAnomalyElementType::Electro,EArtifactType::Electro,EArchiartifactType::None,999,1,1,,,,false,false,false,false,false,true,true,true,3600.0,true,false,10.0,3,1500.0,6.0,45.0,100.0,15.0,1.0,1000.0,10000.0,1.0,true,,,,,,,,,,,,,,
EArtifactBattery_Fake,16371,fake,EArtifactBattery,,EItemType::Artifact,EArtifactBattery,0.4,12000.0,EArtifactRarity::Common,EAnomalyElementType::Electro,EArtifactType::Fake,EArchiartifactType::None,999,1,1,,,,false,false,false,true,false,true,true,true,3600.0,true,false,10.0,3,1500.0,6.0,45.0,100.0,15.0,1.0,1000.0,10000.0,1.0,true,,,,,,,,,,,,,,
FArtifactCrystal,16460,ordinary-candidate,TemplateArtifact,,EItemType::Artifact,,0.65,12000.0,EArtifactRarity::Common,EAnomalyElementType::Fire,EArtifactType::Fire,EArchiartifactType::None,999,1,1,,,,false,false,false,false,false,true,true,true,3600.0,true,false,40.0,3,1500.0,6.0,45.0,100.0,15.0,1.0,1000.0,10000.0,1.0,true,,,,,,,,,,,,,,
FArtifactCrystal_Fake,16548,fake,FArtifactCrystal,,EItemType::Artifact,FArtifactCrystal,0.65,12000.0,EArtifactRarity::Common,EAnomalyElementType::Fire,EArtifactType::Fake,EArchiartifactType::None,999,1,1,,,,false,false,false,true,false,true,true,true,3600.0,true,false,40.0,3,1500.0,6.0,45.0,100.0,15.0,1.0,1000.0,10000.0,1.0,true,,,,,,,,,,,,,,
EArtifactMoonlight,16637,ordinary-candidate,TemplateArtifact,,EItemType::Artifact,,0.55,20000.0,EArtifactRarity::Uncommon,EAnomalyElementType::Electro,EArtifactType::Electro,EArchiartifactType::None,999,1,1,,,,false,false,false,false,false,true,true,true,3600.0,true,false,40.0,5,1500.0,3.0,35.0,100.0,15.0,1.0,1000.0,10000.0,1.0,true,,,,,,,,,,,,,,
EArtifactMoonlight_Fake,16725,fake,EArtifactMoonlight,,EItemType::Artifact,EArtifactMoonlight,0.55,20000.0,EArtifactRarity::Uncommon,EAnomalyElementType::Electro,EArtifactType::Fake,EArchiartifactType::None,999,1,1,,,,false,false,false,true,false,true,true,true,3600.0,true,false,40.0,5,1500.0,3.0,35.0,100.0,15.0,1.0,1000.0,10000.0,1.0,true,,,,,,,,,,,,,,
FArtifactMomsBeads,16814,ordinary-candidate,TemplateArtifact,,EItemType::Artifact,,0.4,12000.0,EArtifactRarity::Common,EAnomalyElementType::Fire,EArtifactType::Fire,EArchiartifactType::None,999,1,1,,,,false,false,false,false,false,true,true,true,3600.0,true,false,40.0,5,1500.0,3.0,35.0,100.0,15.0,1.0,1000.0,10000.0,1.0,true,,,,,,,,,,,,,,
FArtifactMomsBeads_Fake,16902,fake,FArtifactMomsBeads,,EItemType::Artifact,FArtifactMomsBeads,0.4,12000.0,EArtifactRarity::Common,EAnomalyElementType::Fire,EArtifactType::Fake,EArchiartifactType::None,999,1,1,,,,false,false,false,true,false,true,true,true,3600.0,true,false,40.0,5,1500.0,3.0,35.0,100.0,15.0,1.0,1000.0,10000.0,1.0,true,,,,,,,,,,,,,,
EArtifactJellyFish,16991,ordinary-candidate,TemplateArtifact,,EItemType::Artifact,,0.65,12000.0,EArtifactRarity::Common,EAnomalyElementType::Electro,EArtifactType::Electro,EArchiartifactType::None,999,1,1,,,,false,false,false,false,false,true,true,true,3600.0,true,false,40.0,3,1500.0,6.0,45.0,100.0,15.0,1.0,1000.0,10000.0,1.0,true,,,,,,,,,,,,,,
EArtifactJellyFish_Fake,17079,fake,EArtifactJellyFish,,EItemType::Artifact,EArtifactJellyFish,0.65,12000.0,EArtifactRarity::Common,EAnomalyElementType::Electro,EArtifactType::Fake,EArchiartifactType::None,999,1,1,,,,false,false,false,true,false,true,true,true,3600.0,true,false,40.0,3,1500.0,6.0,45.0,100.0,15.0,1.0,1000.0,10000.0,1.0,true,,,,,,,,,,,,,,
EArtifactTow,17168,ordinary-candidate,TemplateArtifact,,EItemType::Artifact,,0.4,20000.0,EArtifactRarity::Uncommon,EAnomalyElementType::Electro,EArtifactType::Electro,EArchiartifactType::None,999,1,1,,,,false,false,false,false,false,true,true,true,3600.0,true,false,40.0,5,1500.0,3.0,35.0,100.0,15.0,1.0,1000.0,10000.0,1.0,true,,,,,,,,,,,,,,
EArtifactTow_Fake,17259,fake,EArtifactTow,,EItemType::Artifact,EArtifactTow,0.4,20000.0,EArtifactRarity::Uncommon,EAnomalyElementType::Electro,EArtifactType::Fake,EArchiartifactType::None,999,1,1,,,,false,false,false,true,false,true,true,true,3600.0,true,false,40.0,5,1500.0,3.0,35.0,100.0,15.0,1.0,1000.0,10000.0,1.0,true,,,,,,,,,,,,,,
EArtifactThunderHedgehog,17351,ordinary-candidate,TemplateArtifact,,EItemType::Artifact,,0.55,20000.0,EArtifactRarity::Uncommon,EAnomalyElementType::Electro,EArtifactType::Electro,EArchiartifactType::None,999,1,1,,,,false,false,false,false,false,true,true,true,3600.0,true,false,40.0,5,1500.0,3.0,35.0,100.0,15.0,1.0,1000.0,10000.0,1.0,true,,,,,,,,,,,,,,
EArtifactThunderHedgehog_Fake,17439,fake,EArtifactThunderHedgehog,,EItemType::Artifact,EArtifactThunderHedgehog,0.55,20000.0,EArtifactRarity::Uncommon,EAnomalyElementType::Electro,EArtifactType::Fake,EArchiartifactType::None,999,1,1,,,,false,false,false,true,false,true,true,true,3600.0,true,false,40.0,5,1500.0,3.0,35.0,100.0,15.0,1.0,1000.0,10000.0,1.0,true,,,,,,,,,,,,,,
EArtifactWorm,17528,ordinary-candidate,TemplateArtifact,,EItemType::Artifact,,0.35,12000.0,EArtifactRarity::Common,EAnomalyElementType::Electro,EArtifactType::Electro,EArchiartifactType::None,999,1,1,,,,false,false,false,false,false,true,true,true,3600.0,true,false,40.0,3,1500.0,6.0,45.0,100.0,15.0,1.0,1000.0,10000.0,1.0,true,,,,,,,,,,,,,,
EArtifactWorm_Fake,17619,fake,EArtifactWorm,,EItemType::Artifact,EArtifactWorm,0.35,12000.0,EArtifactRarity::Common,EAnomalyElementType::Electro,EArtifactType::Fake,EArchiartifactType::None,999,1,1,,,,false,false,false,true,false,true,true,true,3600.0,true,false,40.0,3,1500.0,6.0,45.0,100.0,15.0,1.0,1000.0,10000.0,1.0,true,,,,,,,,,,,,,,
EArtifactCloud,17711,ordinary-candidate,TemplateArtifact,,EItemType::Artifact,,0.4,20000.0,EArtifactRarity::Uncommon,EAnomalyElementType::Electro,EArtifactType::Electro,EArchiartifactType::None,999,1,1,,,,false,false,false,false,false,true,true,true,3600.0,true,false,40.0,5,1500.0,3.0,35.0,100.0,15.0,1.0,1000.0,10000.0,1.0,true,,,,,,,,,,,,,,
EArtifactCloud_Fake,17802,fake,EArtifactCloud,,EItemType::Artifact,EArtifactCloud,0.4,20000.0,EArtifactRarity::Uncommon,EAnomalyElementType::Electro,EArtifactType::Fake,EArchiartifactType::None,999,1,1,,,,false,false,false,true,false,true,true,true,3600.0,true,false,40.0,5,1500.0,3.0,35.0,100.0,15.0,1.0,1000.0,10000.0,1.0,true,,,,,,,,,,,,,,
EArtifactAtom,17894,ordinary-candidate,TemplateArtifact,,EItemType::Artifact,,0.3,36000.0,EArtifactRarity::Rare,EAnomalyElementType::Electro,EArtifactType::Electro,EArchiartifactType::None,999,1,1,,,,false,false,false,false,false,true,true,true,3600.0,true,false,40.0,7,1500.0,3.0,25.0,100.0,15.0,1.0,1000.0,10000.0,1.0,true,,,,,,,,,,,,,,
EArtifactAtom_Fake,17982,fake,EArtifactAtom,,EItemType::Artifact,EArtifactAtom,0.3,36000.0,EArtifactRarity::Rare,EAnomalyElementType::Electro,EArtifactType::Fake,EArchiartifactType::None,999,1,1,,,,false,false,false,true,false,true,true,true,3600.0,true,false,40.0,7,1500.0,3.0,25.0,100.0,15.0,1.0,1000.0,10000.0,1.0,true,,,,,,,,,,,,,,
EArtifactRazor,18071,ordinary-candidate,TemplateArtifact,,EItemType::Artifact,,0.55,36000.0,EArtifactRarity::Rare,EAnomalyElementType::Electro,EArtifactType::Electro,EArchiartifactType::None,999,1,1,,,,false,false,false,false,false,true,true,true,3600.0,true,false,40.0,7,1500.0,3.0,25.0,100.0,15.0,1.0,1000.0,10000.0,1.0,true,,,,,,,,,,,,,,
EArtifactRazor_Fake,18162,fake,EArtifactRazor,,EItemType::Artifact,EArtifactRazor,0.55,36000.0,EArtifactRarity::Rare,EAnomalyElementType::Electro,EArtifactType::Fake,EArchiartifactType::None,999,1,1,,,,false,false,false,true,false,true,true,true,3600.0,true,false,40.0,7,1500.0,3.0,25.0,100.0,15.0,1.0,1000.0,10000.0,1.0,true,,,,,,,,,,,,,,
EArtifactSparkler,18254,ordinary-candidate,TemplateArtifact,,EItemType::Artifact,,0.4,12000.0,EArtifactRarity::Common,EAnomalyElementType::Electro,EArtifactType::Electro,EArchiartifactType::None,999,1,1,,,,false,false,false,false,false,true,true,true,3600.0,true,false,40.0,3,1500.0,6.0,45.0,100.0,15.0,1.0,1000.0,10000.0,1.0,true,,,,,,,,,,,,,,
EArtifactSparkler_Fake,18342,fake,EArtifactSparkler,,EItemType::Artifact,EArtifactSparkler,0.4,12000.0,EArtifactRarity::Common,EAnomalyElementType::Electro,EArtifactType::Fake,EArchiartifactType::None,999,1,1,,,,false,false,false,true,false,true,true,true,3600.0,true,false,40.0,3,1500.0,6.0,45.0,100.0,15.0,1.0,1000.0,10000.0,1.0,true,,,,,,,,,,,,,,
FArtifactFireBall,18431,ordinary-candidate,TemplateArtifact,,EItemType::Artifact,,0.5,12000.0,EArtifactRarity::Common,EAnomalyElementType::Fire,EArtifactType::Fire,EArchiartifactType::None,999,1,1,,,,false,false,false,false,false,true,true,true,3600.0,true,false,40.0,3,1500.0,6.0,45.0,100.0,15.0,1.0,1000.0,10000.0,1.0,true,,,,,,,,,,,,,,
FArtifactFireBall_Fake,18519,fake,FArtifactFireBall,,EItemType::Artifact,FArtifactFireBall,0.5,12000.0,EArtifactRarity::Common,EAnomalyElementType::Fire,EArtifactType::Fake,EArchiartifactType::None,999,1,1,,,,false,false,false,true,false,true,true,true,3600.0,true,false,40.0,3,1500.0,6.0,45.0,100.0,15.0,1.0,1000.0,10000.0,1.0,true,,,,,,,,,,,,,,
GArtifactGoldFish,18608,ordinary-candidate,TemplateArtifact,,EItemType::Artifact,,0.35,12000.0,EArtifactRarity::Common,EAnomalyElementType::Gravity,EArtifactType::Gravity,EArchiartifactType::None,999,1,1,,,,false,false,false,false,false,true,true,true,3600.0,true,false,40.0,5,1500.0,3.0,35.0,100.0,15.0,1.0,1000.0,10000.0,1.0,true,,,,,,,,,,,,,,
GArtifactGoldFish_Fake,18697,fake,GArtifactGoldFish,,EItemType::Artifact,GArtifactGoldFish,0.35,12000.0,EArtifactRarity::Common,EAnomalyElementType::Gravity,EArtifactType::Fake,EArchiartifactType::None,999,1,1,,,,false,false,false,true,false,true,true,true,3600.0,true,false,40.0,5,1500.0,3.0,35.0,100.0,15.0,1.0,1000.0,10000.0,1.0,true,,,,,,,,,,,,,,
FArtifactSteak,18787,ordinary-candidate,TemplateArtifact,,EItemType::Artifact,,0.55,12000.0,EArtifactRarity::Common,EAnomalyElementType::Fire,EArtifactType::Fire,EArchiartifactType::None,999,1,1,,,,false,false,false,false,false,true,true,true,3600.0,true,false,40.0,3,1500.0,6.0,45.0,100.0,15.0,1.0,1000.0,10000.0,1.0,true,,,,,,,,,,,,,,
FArtifactSteak_Fake,18875,fake,FArtifactSteak,,EItemType::Artifact,FArtifactSteak,0.55,12000.0,EArtifactRarity::Common,EAnomalyElementType::Fire,EArtifactType::Fake,EArchiartifactType::None,999,1,1,,,,false,false,false,true,false,true,true,true,3600.0,true,false,40.0,3,1500.0,6.0,45.0,100.0,15.0,1.0,1000.0,10000.0,1.0,true,,,,,,,,,,,,,,
GArtifactStoneDrop,18964,ordinary-candidate,TemplateArtifact,,EItemType::Artifact,,0.65,12000.0,EArtifactRarity::Common,EAnomalyElementType::Gravity,EArtifactType::Gravity,EArchiartifactType::None,999,1,1,,,,false,false,false,false,false,true,true,true,3600.0,true,false,40.0,3,1500.0,6.0,45.0,100.0,15.0,1.0,1000.0,10000.0,1.0,true,,,,,,,,,,,,,,
GArtifactStoneDrop_Fake,19054,fake,GArtifactStoneDrop,,EItemType::Artifact,GArtifactStoneDrop,0.65,12000.0,EArtifactRarity::Common,EAnomalyElementType::Gravity,EArtifactType::Fake,EArchiartifactType::None,999,1,1,,,,false,false,false,true,false,true,true,true,3600.0,true,false,40.0,3,1500.0,6.0,45.0,100.0,15.0,1.0,1000.0,10000.0,1.0,true,,,,,,,,,,,,,,
FArtifactBakedBolts,19145,ordinary-candidate,TemplateArtifact,,EItemType::Artifact,,0.55,20000.0,EArtifactRarity::Uncommon,EAnomalyElementType::Fire,EArtifactType::Fire,EArchiartifactType::None,999,1,1,,,,false,false,false,false,false,true,true,true,3600.0,true,false,40.0,5,1500.0,3.0,35.0,100.0,15.0,1.0,1000.0,10000.0,1.0,true,,,,,,,,,,,,,,
FArtifactBakedBolts_Fake,19237,fake,FArtifactBakedBolts,,EItemType::Artifact,FArtifactBakedBolts,0.55,20000.0,EArtifactRarity::Uncommon,EAnomalyElementType::Fire,EArtifactType::Fake,EArchiartifactType::None,999,1,1,,,,false,false,false,true,false,true,true,true,3600.0,true,false,40.0,5,1500.0,3.0,35.0,100.0,15.0,1.0,1000.0,10000.0,1.0,true,,,,,,,,,,,,,,
FArtifactGlass,19330,ordinary-candidate,TemplateArtifact,,EItemType::Artifact,,0.4,12000.0,EArtifactRarity::Common,EAnomalyElementType::Fire,EArtifactType::Fire,EArchiartifactType::None,999,1,1,,,,false,false,false,false,false,true,true,true,3600.0,true,false,40.0,3,1500.0,6.0,45.0,100.0,15.0,1.0,1000.0,10000.0,1.0,true,,,,,,,,,,,,,,
FArtifactGlass_Fake,19422,fake,FArtifactGlass,,EItemType::Artifact,FArtifactGlass,0.4,12000.0,EArtifactRarity::Common,EAnomalyElementType::Fire,EArtifactType::Fake,EArchiartifactType::None,999,1,1,,,,false,false,false,true,false,true,true,true,3600.0,true,false,40.0,3,1500.0,6.0,45.0,100.0,15.0,1.0,1000.0,10000.0,1.0,true,,,,,,,,,,,,,,
FArtifactDeadSponge,19515,ordinary-candidate,TemplateArtifact,,EItemType::Artifact,,0.3,20000.0,EArtifactRarity::Uncommon,EAnomalyElementType::Fire,EArtifactType::Fire,EArchiartifactType::None,999,1,1,,,,false,false,false,false,false,true,true,true,3600.0,true,false,40.0,5,1500.0,3.0,35.0,100.0,15.0,1.0,1000.0,10000.0,1.0,true,,,,,,,,,,,,,,
FArtifactDeadSponge_Fake,19603,fake,FArtifactDeadSponge,,EItemType::Artifact,FArtifactDeadSponge,0.3,20000.0,EArtifactRarity::Uncommon,EAnomalyElementType::Fire,EArtifactType::Fake,EArchiartifactType::None,999,1,1,,,,false,false,false,true,false,true,true,true,3600.0,true,false,40.0,5,1500.0,3.0,35.0,100.0,15.0,1.0,1000.0,10000.0,1.0,true,,,,,,,,,,,,,,
FArtifactHellishHedgehog,19692,ordinary-candidate,TemplateArtifact,,EItemType::Artifact,,0.55,20000.0,EArtifactRarity::Uncommon,EAnomalyElementType::Fire,EArtifactType::Fire,EArchiartifactType::None,999,1,1,,,,false,false,false,false,false,true,true,true,3600.0,true,false,40.0,5,1500.0,3.0,35.0,100.0,15.0,1.0,1000.0,10000.0,1.0,true,,,,,,,,,,,,,,
FArtifactHellishHedgehog_Fake,19784,fake,FArtifactHellishHedgehog,,EItemType::Artifact,FArtifactHellishHedgehog,0.55,20000.0,EArtifactRarity::Uncommon,EAnomalyElementType::Fire,EArtifactType::Fake,EArchiartifactType::None,999,1,1,,,,false,false,false,true,false,true,true,true,3600.0,true,false,40.0,5,1500.0,3.0,35.0,100.0,15.0,1.0,1000.0,10000.0,1.0,true,,,,,,,,,,,,,,
FArtifactPlasma,19877,ordinary-candidate,TemplateArtifact,,EItemType::Artifact,,0.5,20000.0,EArtifactRarity::Uncommon,EAnomalyElementType::Fire,EArtifactType::Fire,EArchiartifactType::None,999,1,1,,,,false,false,false,false,false,true,true,true,3600.0,true,false,40.0,5,1500.0,3.0,35.0,100.0,15.0,1.0,1000.0,10000.0,1.0,true,,,,,,,,,,,,,,
FArtifactPlasma_Fake,19965,fake,FArtifactPlasma,,EItemType::Artifact,FArtifactPlasma,0.5,20000.0,EArtifactRarity::Uncommon,EAnomalyElementType::Fire,EArtifactType::Fake,EArchiartifactType::None,999,1,1,,,,false,false,false,true,false,true,true,true,3600.0,true,false,40.0,5,1500.0,3.0,35.0,100.0,15.0,1.0,1000.0,10000.0,1.0,true,,,,,,,,,,,,,,
FArtifactCandle,20054,ordinary-candidate,TemplateArtifact,,EItemType::Artifact,,0.3,36000.0,EArtifactRarity::Rare,EAnomalyElementType::Fire,EArtifactType::Fire,EArchiartifactType::None,999,1,1,,,,false,false,false,false,false,true,true,true,3600.0,true,false,40.0,7,1500.0,3.0,25.0,100.0,15.0,1.0,1000.0,10000.0,1.0,true,,,,,,,,,,,,,,
FArtifactCandle_Fake,20142,fake,FArtifactCandle,,EItemType::Artifact,FArtifactCandle,0.3,36000.0,EArtifactRarity::Rare,EAnomalyElementType::Fire,EArtifactType::Fake,EArchiartifactType::None,999,1,1,,,,false,false,false,true,false,true,true,true,3600.0,true,false,40.0,7,1500.0,3.0,25.0,100.0,15.0,1.0,1000.0,10000.0,1.0,true,,,,,,,,,,,,,,
FArtifactRingOmnipotence,20231,ordinary-candidate,TemplateArtifact,,EItemType::Artifact,,0.6,70000.0,EArtifactRarity::Epic,EAnomalyElementType::Fire,EArtifactType::Fire,EArchiartifactType::None,999,1,1,,,,false,false,false,false,false,true,true,true,3600.0,true,false,40.0,9,1500.0,3.0,15.0,100.0,15.0,1.0,1000.0,10000.0,1.0,true,,,,,,,,,,,,,,
FArtifactRingOmnipotence_Fake,20322,fake,FArtifactRingOmnipotence,,EItemType::Artifact,FArtifactRingOmnipotence,0.6,70000.0,EArtifactRarity::Epic,EAnomalyElementType::Fire,EArtifactType::Fake,EArchiartifactType::None,999,1,1,,,,false,false,false,true,false,true,true,true,3600.0,true,false,40.0,9,1500.0,3.0,15.0,100.0,15.0,1.0,1000.0,10000.0,1.0,true,,,,,,,,,,,,,,
FArtifactFireworks,20414,ordinary-candidate,TemplateArtifact,,EItemType::Artifact,,0.4,36000.0,EArtifactRarity::Rare,EAnomalyElementType::Fire,EArtifactType::Fire,EArchiartifactType::None,999,1,1,,,,false,false,false,false,false,true,true,true,3600.0,true,false,40.0,7,1500.0,3.0,25.0,100.0,15.0,1.0,1000.0,10000.0,1.0,true,,,,,,,,,,,,,,
FArtifactFireworks_Fake,20502,fake,FArtifactFireworks,,EItemType::Artifact,FArtifactFireworks,0.4,36000.0,EArtifactRarity::Rare,EAnomalyElementType::Fire,EArtifactType::Fake,EArchiartifactType::None,999,1,1,,,,false,false,false,true,false,true,true,true,3600.0,true,false,40.0,7,1500.0,3.0,25.0,100.0,15.0,1.0,1000.0,10000.0,1.0,true,,,,,,,,,,,,,,
FArtifactCore,20591,ordinary-candidate,TemplateArtifact,,EItemType::Artifact,,0.55,36000.0,EArtifactRarity::Rare,EAnomalyElementType::Fire,EArtifactType::Fire,EArchiartifactType::None,999,1,1,,,,false,false,false,false,false,true,true,true,3600.0,true,false,40.0,7,1500.0,3.0,25.0,100.0,15.0,1.0,1000.0,10000.0,1.0,true,,,,,,,,,,,,,,
FArtifactCore_Fake,20683,fake,FArtifactCore,,EItemType::Artifact,FArtifactCore,0.55,36000.0,EArtifactRarity::Rare,EAnomalyElementType::Fire,EArtifactType::Fake,EArchiartifactType::None,999,1,1,,,,false,false,false,true,false,true,true,true,3600.0,true,false,40.0,7,1500.0,3.0,25.0,100.0,15.0,1.0,1000.0,10000.0,1.0,true,,,,,,,,,,,,,,
FArtifactBurntHunk,20776,ordinary-candidate,TemplateArtifact,,EItemType::Artifact,,0.35,12000.0,EArtifactRarity::Common,EAnomalyElementType::Fire,EArtifactType::Fire,EArchiartifactType::None,999,1,1,,,,false,false,false,false,false,true,true,true,3600.0,true,false,40.0,3,1500.0,6.0,45.0,100.0,15.0,1.0,1000.0,10000.0,1.0,true,,,,,,,,,,,,,,
FArtifactBurntHunk_Fake,20864,fake,FArtifactBurntHunk,,EItemType::Artifact,FArtifactBurntHunk,0.35,12000.0,EArtifactRarity::Common,EAnomalyElementType::Fire,EArtifactType::Fake,EArchiartifactType::None,999,1,1,,,,false,false,false,true,false,true,true,true,3600.0,true,false,40.0,3,1500.0,6.0,45.0,100.0,15.0,1.0,1000.0,10000.0,1.0,true,,,,,,,,,,,,,,
FArtifactResin,20953,ordinary-candidate,TemplateArtifact,,EItemType::Artifact,,0.5,12000.0,EArtifactRarity::Common,EAnomalyElementType::Fire,EArtifactType::Fire,EArchiartifactType::None,999,1,1,,,,false,false,false,false,false,true,true,true,3600.0,true,false,40.0,3,1500.0,6.0,45.0,100.0,15.0,1.0,1000.0,10000.0,1.0,true,,,,,,,,,,,,,,
FArtifactResin_Fake,21043,fake,FArtifactResin,,EItemType::Artifact,FArtifactResin,0.5,12000.0,EArtifactRarity::Common,EAnomalyElementType::Fire,EArtifactType::Fake,EArchiartifactType::None,999,1,1,,,,false,false,false,true,false,true,true,true,3600.0,true,false,40.0,3,1500.0,6.0,45.0,100.0,15.0,1.0,1000.0,10000.0,1.0,true,,,,,,,,,,,,,,
GArtifactSpring,21134,ordinary-candidate,TemplateArtifact,,EItemType::Artifact,,0.45,20000.0,EArtifactRarity::Uncommon,EAnomalyElementType::Gravity,EArtifactType::Gravity,EArchiartifactType::None,999,1,1,,,,false,false,false,false,false,true,true,true,3600.0,true,false,40.0,5,1500.0,3.0,35.0,100.0,15.0,1.0,1000.0,10000.0,1.0,true,,,,,,,,,,,,,,
GArtifactSpring_Fake,21223,fake,GArtifactSpring,,EItemType::Artifact,GArtifactSpring,0.45,20000.0,EArtifactRarity::Uncommon,EAnomalyElementType::Gravity,EArtifactType::Fake,EArchiartifactType::None,999,1,1,,,,false,false,false,true,false,true,true,true,3600.0,true,false,40.0,5,1500.0,3.0,35.0,100.0,15.0,1.0,1000.0,10000.0,1.0,true,,,,,,,,,,,,,,
CArtifactPellicle,21313,ordinary-candidate,TemplateArtifact,,EItemType::Artifact,,0.35,20000.0,EArtifactRarity::Rare,EAnomalyElementType::Chemical,EArtifactType::Chemical,EArchiartifactType::None,999,1,1,,,,false,false,false,false,false,true,true,true,3600.0,true,false,40.0,7,1500.0,3.0,25.0,100.0,15.0,1.0,1000.0,10000.0,1.0,true,,,,,,,,,,,,,,
CArtifactPellicle_Fake,21401,fake,CArtifactPellicle,,EItemType::Artifact,CArtifactPellicle,0.35,20000.0,EArtifactRarity::Rare,EAnomalyElementType::Chemical,EArtifactType::Fake,EArchiartifactType::None,999,1,1,,,,false,false,false,true,false,true,true,true,3600.0,true,false,40.0,7,1500.0,3.0,25.0,100.0,15.0,1.0,1000.0,10000.0,1.0,true,,,,,,,,,,,,,,
CArtifactChunkMeat,21490,ordinary-candidate,TemplateArtifact,,EItemType::Artifact,,0.45,12000.0,EArtifactRarity::Common,EAnomalyElementType::Chemical,EArtifactType::Chemical,EArchiartifactType::None,999,1,1,,,,false,false,false,false,false,true,true,true,3600.0,true,false,40.0,3,1500.0,6.0,45.0,100.0,15.0,1.0,1000.0,10000.0,1.0,true,,,,,,,,,,,,,,
CArtifactChunkMeat_Fake,21578,fake,CArtifactChunkMeat,,EItemType::Artifact,CArtifactChunkMeat,0.45,12000.0,EArtifactRarity::Common,EAnomalyElementType::Chemical,EArtifactType::Fake,EArchiartifactType::None,999,1,1,,,,false,false,false,true,false,true,true,true,3600.0,true,false,40.0,3,1500.0,6.0,45.0,100.0,15.0,1.0,1000.0,10000.0,1.0,true,,,,,,,,,,,,,,
GArtifactGravy,21667,ordinary-candidate,TemplateArtifact,,EItemType::Artifact,,0.65,12000.0,EArtifactRarity::Common,EAnomalyElementType::Gravity,EArtifactType::Gravity,EArchiartifactType::None,999,1,1,,,,false,false,false,false,false,true,true,true,3600.0,true,false,40.0,3,1500.0,6.0,45.0,100.0,15.0,1.0,1000.0,10000.0,1.0,true,,,,,,,,,,,,,,
GArtifactGravy_Fake,21756,fake,GArtifactGravy,,EItemType::Artifact,GArtifactGravy,0.65,12000.0,EArtifactRarity::Common,EAnomalyElementType::Gravity,EArtifactType::Fake,EArchiartifactType::None,999,1,1,,,,false,false,false,true,false,true,true,true,3600.0,true,false,40.0,3,1500.0,6.0,45.0,100.0,15.0,1.0,1000.0,10000.0,1.0,true,,,,,,,,,,,,,,
FArtifactDrops,21846,ordinary-candidate,TemplateArtifact,,EItemType::Artifact,,0.45,12000.0,EArtifactRarity::Common,EAnomalyElementType::Fire,EArtifactType::Fire,EArchiartifactType::None,999,1,1,,,,false,false,false,false,false,true,true,true,3600.0,true,false,40.0,3,1500.0,6.0,45.0,100.0,15.0,1.0,1000.0,10000.0,1.0,true,,,,,,,,,,,,,,
FArtifactDrops_Fake,21934,fake,FArtifactDrops,,EItemType::Artifact,FArtifactDrops,0.45,12000.0,EArtifactRarity::Common,EAnomalyElementType::Fire,EArtifactType::Fake,EArchiartifactType::None,999,1,1,,,,false,false,false,true,false,true,true,true,3600.0,true,false,40.0,3,1500.0,6.0,45.0,100.0,15.0,1.0,1000.0,10000.0,1.0,true,,,,,,,,,,,,,,
FArtifactEye,22023,ordinary-candidate,TemplateArtifact,,EItemType::Artifact,,0.4,12000.0,EArtifactRarity::Common,EAnomalyElementType::Fire,EArtifactType::Fire,EArchiartifactType::None,999,1,1,,,,false,false,false,false,false,true,true,true,3600.0,true,false,40.0,3,1500.0,6.0,45.0,100.0,15.0,1.0,1000.0,10000.0,1.0,true,,,,,,,,,,,,,,
FArtifactEye_Fake,22110,fake,FArtifactEye,,EItemType::Artifact,FArtifactEye,0.4,12000.0,EArtifactRarity::Common,EAnomalyElementType::Fire,EArtifactType::Fake,EArchiartifactType::None,999,1,1,,,,false,false,false,true,false,true,true,true,3600.0,true,false,40.0,3,1500.0,6.0,45.0,100.0,15.0,1.0,1000.0,10000.0,1.0,true,,,,,,,,,,,,,,
CArtifactBun,22198,ordinary-candidate,TemplateArtifact,,EItemType::Artifact,,0.45,20000.0,EArtifactRarity::Uncommon,EAnomalyElementType::Chemical,EArtifactType::Chemical,EArchiartifactType::None,999,1,1,,,,false,false,false,false,false,true,true,true,3600.0,true,false,40.0,5,1500.0,3.0,35.0,100.0,15.0,1.0,1000.0,10000.0,1.0,true,,,,,,,,,,,,,,
CArtifactBun_Fake,22286,fake,CArtifactBun,,EItemType::Artifact,CArtifactBun,0.45,20000.0,EArtifactRarity::Uncommon,EAnomalyElementType::Chemical,EArtifactType::Fake,EArchiartifactType::None,999,1,1,,,,false,false,false,true,false,true,true,true,3600.0,true,false,40.0,5,1500.0,3.0,35.0,100.0,15.0,1.0,1000.0,10000.0,1.0,true,,,,,,,,,,,,,,
CArtifactThorn,22375,ordinary-candidate,TemplateArtifact,,EItemType::Artifact,,0.35,12000.0,EArtifactRarity::Common,EAnomalyElementType::Chemical,EArtifactType::Chemical,EArchiartifactType::None,999,1,1,,,,false,false,false,false,false,true,true,true,3600.0,true,false,40.0,3,1500.0,6.0,45.0,100.0,15.0,1.0,1000.0,10000.0,1.0,true,,,,,,,,,,,,,,
CArtifactThorn_Fake,22460,fake,CArtifactThorn,,EItemType::Artifact,CArtifactThorn,0.35,12000.0,EArtifactRarity::Common,EAnomalyElementType::Chemical,EArtifactType::Fake,EArchiartifactType::None,999,1,1,,,,false,false,false,true,false,true,true,true,3600.0,true,false,40.0,3,1500.0,6.0,45.0,100.0,15.0,1.0,1000.0,10000.0,1.0,true,,,,,,,,,,,,,,
GArtifactWrenched,22546,ordinary-candidate,TemplateArtifact,,EItemType::Artifact,,0.4,12000.0,EArtifactRarity::Common,EAnomalyElementType::Gravity,EArtifactType::Gravity,EArchiartifactType::None,999,1,1,,,,false,false,false,false,false,true,true,true,3600.0,true,false,40.0,3,1500.0,6.0,45.0,100.0,15.0,1.0,1000.0,10000.0,1.0,true,,,,,,,,,,,,,,
GArtifactWrenched_Fake,22633,fake,GArtifactWrenched,,EItemType::Artifact,GArtifactWrenched,0.4,12000.0,EArtifactRarity::Common,EAnomalyElementType::Gravity,EArtifactType::Fake,EArchiartifactType::None,999,1,1,,,,false,false,false,true,false,true,true,true,3600.0,true,false,40.0,3,1500.0,6.0,45.0,100.0,15.0,1.0,1000.0,10000.0,1.0,true,,,,,,,,,,,,,,
GArtifactBloodStone,22721,ordinary-candidate,TemplateArtifact,,EItemType::Artifact,,0.55,12000.0,EArtifactRarity::Common,EAnomalyElementType::Gravity,EArtifactType::Gravity,EArchiartifactType::None,999,1,1,,,,false,false,false,false,false,true,true,true,3600.0,true,false,40.0,3,1500.0,6.0,45.0,100.0,15.0,1.0,1000.0,10000.0,1.0,true,,,,,,,,,,,,,,
GArtifactBloodStone_Fake,22810,fake,GArtifactBloodStone,,EItemType::Artifact,GArtifactBloodStone,0.55,12000.0,EArtifactRarity::Common,EAnomalyElementType::Gravity,EArtifactType::Fake,EArchiartifactType::None,999,1,1,,,,false,false,false,true,false,true,true,true,3600.0,true,false,40.0,3,1500.0,6.0,45.0,100.0,15.0,1.0,1000.0,10000.0,1.0,true,,,,,,,,,,,,,,
GArtifactGraphiteBlock,22900,ordinary-candidate,TemplateArtifact,,EItemType::Artifact,,0.6,20000.0,EArtifactRarity::Uncommon,EAnomalyElementType::Gravity,EArtifactType::Gravity,EArchiartifactType::None,999,1,1,,,,false,false,false,false,false,true,true,true,3600.0,true,false,40.0,5,1500.0,3.0,35.0,100.0,15.0,1.0,1000.0,10000.0,1.0,true,,,,,,,,,,,,,,
GArtifactGraphiteBlock_Fake,22991,fake,GArtifactGraphiteBlock,,EItemType::Artifact,GArtifactGraphiteBlock,0.6,20000.0,EArtifactRarity::Uncommon,EAnomalyElementType::Gravity,EArtifactType::Fake,EArchiartifactType::None,999,1,1,,,,false,false,false,true,false,true,true,true,3600.0,true,false,40.0,5,1500.0,3.0,35.0,100.0,15.0,1.0,1000.0,10000.0,1.0,true,,,,,,,,,,,,,,
GArtifactSplitStone,23083,ordinary-candidate,TemplateArtifact,,EItemType::Artifact,,0.6,36000.0,EArtifactRarity::Rare,EAnomalyElementType::Gravity,EArtifactType::Gravity,EArchiartifactType::None,999,1,1,,,,false,false,false,false,false,true,true,true,3600.0,true,false,40.0,5,1500.0,3.0,35.0,100.0,15.0,1.0,1000.0,10000.0,1.0,true,,,,,,,,,,,,,,
GArtifactSplitStone_Fake,23171,fake,GArtifactSplitStone,,EItemType::Artifact,GArtifactSplitStone,0.6,36000.0,EArtifactRarity::Rare,EAnomalyElementType::Gravity,EArtifactType::Fake,EArchiartifactType::None,999,1,1,,,,false,false,false,true,false,true,true,true,3600.0,true,false,40.0,5,1500.0,3.0,35.0,100.0,15.0,1.0,1000.0,10000.0,1.0,true,,,,,,,,,,,,,,
GArtifactTrunk,23260,ordinary-candidate,TemplateArtifact,,EItemType::Artifact,,0.4,12000.0,EArtifactRarity::Common,EAnomalyElementType::Gravity,EArtifactType::Gravity,EArchiartifactType::None,999,1,1,,,,false,false,false,false,false,true,true,true,3600.0,true,false,40.0,3,1500.0,6.0,45.0,100.0,15.0,1.0,1000.0,10000.0,1.0,true,,,,,,,,,,,,,,
GArtifactTrunk_Fake,23350,fake,GArtifactTrunk,,EItemType::Artifact,GArtifactTrunk,0.4,12000.0,EArtifactRarity::Common,EAnomalyElementType::Gravity,EArtifactType::Fake,EArchiartifactType::None,999,1,1,,,,false,false,false,true,false,true,true,true,3600.0,true,false,40.0,3,1500.0,6.0,45.0,100.0,15.0,1.0,1000.0,10000.0,1.0,true,,,,,,,,,,,,,,
GArtifactRubiksCube,23441,ordinary-candidate,TemplateArtifact,,EItemType::Artifact,,0.5,70000.0,EArtifactRarity::Epic,EAnomalyElementType::Gravity,EArtifactType::Gravity,EArchiartifactType::None,999,1,1,,,,false,false,false,false,false,true,true,true,3600.0,true,false,40.0,7,1500.0,3.0,25.0,100.0,15.0,1.0,1000.0,10000.0,1.0,true,,,,,,,,,,,,,,
GArtifactRubiksCube_Fake,23529,fake,GArtifactRubiksCube,,EItemType::Artifact,GArtifactRubiksCube,0.5,70000.0,EArtifactRarity::Epic,EAnomalyElementType::Gravity,EArtifactType::Fake,EArchiartifactType::None,999,1,1,,,,false,false,false,true,false,true,true,true,3600.0,true,false,40.0,7,1500.0,3.0,25.0,100.0,15.0,1.0,1000.0,10000.0,1.0,true,,,,,,,,,,,,,,
GArtifactSponge,23618,ordinary-candidate,TemplateArtifact,,EItemType::Artifact,,0.3,12000.0,EArtifactRarity::Common,EAnomalyElementType::Gravity,EArtifactType::Gravity,EArchiartifactType::None,999,1,1,,,,false,false,false,false,false,true,true,true,3600.0,true,false,40.0,3,1500.0,6.0,45.0,100.0,15.0,1.0,1000.0,10000.0,1.0,true,,,,,,,,,,,,,,
GArtifactSponge_Fake,23709,fake,GArtifactSponge,,EItemType::Artifact,GArtifactSponge,0.3,12000.0,EArtifactRarity::Common,EAnomalyElementType::Gravity,EArtifactType::Fake,EArchiartifactType::None,999,1,1,,,,false,false,false,true,false,true,true,true,3600.0,true,false,40.0,3,1500.0,6.0,45.0,100.0,15.0,1.0,1000.0,10000.0,1.0,true,,,,,,,,,,,,,,
GArtifactHedgehog,23801,ordinary-candidate,TemplateArtifact,,EItemType::Artifact,,0.35,20000.0,EArtifactRarity::Uncommon,EAnomalyElementType::Gravity,EArtifactType::Gravity,EArchiartifactType::None,999,1,1,,,,false,false,false,false,false,true,true,true,3600.0,true,false,40.0,5,1500.0,3.0,35.0,100.0,15.0,1.0,1000.0,10000.0,1.0,true,,,,,,,,,,,,,,
GArtifactHedgehog_Fake,23890,fake,GArtifactHedgehog,,EItemType::Artifact,GArtifactHedgehog,0.35,20000.0,EArtifactRarity::Uncommon,EAnomalyElementType::Gravity,EArtifactType::Fake,EArchiartifactType::None,999,1,1,,,,false,false,false,true,false,true,true,true,3600.0,true,false,40.0,5,1500.0,3.0,35.0,100.0,15.0,1.0,1000.0,10000.0,1.0,true,,,,,,,,,,,,,,
GArtifactBud,23980,ordinary-candidate,TemplateArtifact,,EItemType::Artifact,,0.4,36000.0,EArtifactRarity::Rare,EAnomalyElementType::Gravity,EArtifactType::Gravity,EArchiartifactType::None,999,1,1,,,,false,false,false,false,false,true,true,true,3600.0,true,false,40.0,7,1500.0,3.0,25.0,100.0,15.0,1.0,1000.0,10000.0,1.0,true,,,,,,,,,,,,,,
GArtifactBud_Fake,24071,fake,GArtifactBud,,EItemType::Artifact,GArtifactBud,0.4,36000.0,EArtifactRarity::Rare,EAnomalyElementType::Gravity,EArtifactType::Fake,EArchiartifactType::None,999,1,1,,,,false,false,false,true,false,true,true,true,3600.0,true,false,40.0,7,1500.0,3.0,25.0,100.0,15.0,1.0,1000.0,10000.0,1.0,true,,,,,,,,,,,,,,
GArtifactPlane,24163,ordinary-candidate,TemplateArtifact,,EItemType::Artifact,,0.3,12000.0,EArtifactRarity::Common,EAnomalyElementType::Gravity,EArtifactType::Gravity,EArchiartifactType::None,999,1,1,,,,false,false,false,false,false,true,true,true,3600.0,true,false,40.0,3,1500.0,6.0,45.0,100.0,15.0,1.0,1000.0,10000.0,1.0,true,,,,,,,,,,,,,,
GArtifactPlane_Fake,24254,fake,GArtifactPlane,,EItemType::Artifact,GArtifactPlane,0.3,12000.0,EArtifactRarity::Common,EAnomalyElementType::Gravity,EArtifactType::Fake,EArchiartifactType::None,999,1,1,,,,false,false,false,true,false,true,true,true,3600.0,true,false,40.0,3,1500.0,6.0,45.0,100.0,15.0,1.0,1000.0,10000.0,1.0,true,,,,,,,,,,,,,,
CArtifactMica,24346,ordinary-candidate,TemplateArtifact,,EItemType::Artifact,,0.4,12000.0,EArtifactRarity::Common,EAnomalyElementType::Chemical,EArtifactType::Chemical,EArchiartifactType::None,999,1,1,,,,false,false,false,false,false,true,true,true,3600.0,true,false,40.0,3,1500.0,6.0,45.0,100.0,15.0,1.0,1000.0,10000.0,1.0,true,,,,,,,,,,,,,,
CArtifactMica_Fake,24431,fake,CArtifactMica,,EItemType::Artifact,CArtifactMica,0.4,12000.0,EArtifactRarity::Common,EAnomalyElementType::Chemical,EArtifactType::Fake,EArchiartifactType::None,999,1,1,,,,false,false,false,true,false,true,true,true,3600.0,true,false,40.0,3,1500.0,6.0,45.0,100.0,15.0,1.0,1000.0,10000.0,1.0,true,,,,,,,,,,,,,,
CArtifactBubble,24517,ordinary-candidate,TemplateArtifact,,EItemType::Artifact,,0.4,12000.0,EArtifactRarity::Common,EAnomalyElementType::Chemical,EArtifactType::Chemical,EArchiartifactType::None,999,1,1,,,,false,false,false,false,false,true,true,true,3600.0,true,false,40.0,5,1500.0,3.0,35.0,100.0,15.0,1.0,1000.0,10000.0,1.0,true,,,,,,,,,,,,,,
CArtifactBubble_Fake,24602,fake,CArtifactBubble,,EItemType::Artifact,CArtifactBubble,0.4,12000.0,EArtifactRarity::Common,EAnomalyElementType::Chemical,EArtifactType::Fake,EArchiartifactType::None,999,1,1,,,,false,false,false,true,false,true,true,true,3600.0,true,false,40.0,5,1500.0,3.0,35.0,100.0,15.0,1.0,1000.0,10000.0,1.0,true,,,,,,,,,,,,,,
CArtifactSlime,24688,ordinary-candidate,TemplateArtifact,,EItemType::Artifact,,0.65,12000.0,EArtifactRarity::Common,EAnomalyElementType::Chemical,EArtifactType::Chemical,EArchiartifactType::None,999,1,1,,,,false,false,false,false,false,true,true,true,3600.0,true,false,40.0,3,1500.0,6.0,45.0,100.0,15.0,1.0,1000.0,10000.0,1.0,true,,,,,,,,,,,,,,
CArtifactSlime_Fake,24776,fake,CArtifactSlime,,EItemType::Artifact,CArtifactSlime,0.65,12000.0,EArtifactRarity::Common,EAnomalyElementType::Chemical,EArtifactType::Fake,EArchiartifactType::None,999,1,1,,,,false,false,false,true,false,true,true,true,3600.0,true,false,40.0,3,1500.0,6.0,45.0,100.0,15.0,1.0,1000.0,10000.0,1.0,true,,,,,,,,,,,,,,
CArtifactSlug,24865,ordinary-candidate,TemplateArtifact,,EItemType::Artifact,,0.6,12000.0,EArtifactRarity::Common,EAnomalyElementType::Chemical,EArtifactType::Chemical,EArchiartifactType::None,999,1,1,,,,false,false,false,false,false,true,true,true,3600.0,true,false,40.0,3,1500.0,6.0,45.0,100.0,15.0,1.0,1000.0,10000.0,1.0,true,,,,,,,,,,,,,,
CArtifactSlug_Fake,24950,fake,CArtifactSlug,,EItemType::Artifact,CArtifactSlug,0.6,12000.0,EArtifactRarity::Common,EAnomalyElementType::Chemical,EArtifactType::Fake,EArchiartifactType::None,999,1,1,,,,false,false,false,true,false,true,true,true,3600.0,true,false,40.0,3,1500.0,6.0,45.0,100.0,15.0,1.0,1000.0,10000.0,1.0,true,,,,,,,,,,,,,,
CArtifactEchinus,25036,ordinary-candidate,TemplateArtifact,,EItemType::Artifact,,0.35,20000.0,EArtifactRarity::Uncommon,EAnomalyElementType::Chemical,EArtifactType::Chemical,EArchiartifactType::None,999,1,1,,,,false,false,false,false,false,true,true,true,3600.0,true,false,40.0,5,1500.0,3.0,35.0,100.0,15.0,1.0,1000.0,10000.0,1.0,true,,,,,,,,,,,,,,
CArtifactEchinus_Fake,25121,fake,CArtifactEchinus,,EItemType::Artifact,CArtifactEchinus,0.35,20000.0,EArtifactRarity::Uncommon,EAnomalyElementType::Chemical,EArtifactType::Fake,EArchiartifactType::None,999,1,1,,,,false,false,false,true,false,true,true,true,3600.0,true,false,40.0,5,1500.0,3.0,35.0,100.0,15.0,1.0,1000.0,10000.0,1.0,true,,,,,,,,,,,,,,
GArtifactCompass,25207,ordinary-candidate,TemplateArtifact,,EItemType::Artifact,,0.5,70000.0,EArtifactRarity::Epic,EAnomalyElementType::Gravity,EArtifactType::Gravity,EArchiartifactType::None,999,1,1,,,,false,false,false,false,false,true,true,true,3600.0,true,false,40.0,9,1500.0,3.0,15.0,100.0,15.0,1.0,1000.0,10000.0,1.0,true,,,,,,,,,,,,,,
GArtifactCompass_Fake,25295,fake,GArtifactCompass,,EItemType::Artifact,GArtifactCompass,0.5,70000.0,EArtifactRarity::Epic,EAnomalyElementType::Gravity,EArtifactType::Fake,EArchiartifactType::None,999,1,1,,,,false,false,false,true,false,true,true,true,3600.0,true,false,40.0,9,1500.0,3.0,15.0,100.0,15.0,1.0,1000.0,10000.0,1.0,true,,,,,,,,,,,,,,
CArtifactKryptonite,25384,ordinary-candidate,TemplateArtifact,,EItemType::Artifact,,0.55,12000.0,EArtifactRarity::Common,EAnomalyElementType::Chemical,EArtifactType::Chemical,EArchiartifactType::None,999,1,1,,,,false,false,false,false,false,true,true,true,3600.0,true,false,40.0,3,1500.0,6.0,45.0,100.0,15.0,1.0,1000.0,10000.0,1.0,true,,,,,,,,,,,,,,
CArtifactKryptonite_Fake,25472,fake,CArtifactKryptonite,,EItemType::Artifact,CArtifactKryptonite,0.55,12000.0,EArtifactRarity::Common,EAnomalyElementType::Chemical,EArtifactType::Fake,EArchiartifactType::None,999,1,1,,,,false,false,false,true,false,true,true,true,3600.0,true,false,40.0,3,1500.0,6.0,45.0,100.0,15.0,1.0,1000.0,10000.0,1.0,true,,,,,,,,,,,,,,
CArtifactBung,25561,ordinary-candidate,TemplateArtifact,,EItemType::Artifact,,0.3,12000.0,EArtifactRarity::Common,EAnomalyElementType::Chemical,EArtifactType::Chemical,EArchiartifactType::None,999,1,1,,,,false,false,false,false,false,true,true,true,3600.0,true,false,40.0,3,1500.0,6.0,45.0,100.0,15.0,1.0,1000.0,10000.0,1.0,true,,,,,,,,,,,,,,
CArtifactBung_Fake,25652,fake,CArtifactBung,,EItemType::Artifact,CArtifactBung,0.3,12000.0,EArtifactRarity::Common,EAnomalyElementType::Chemical,EArtifactType::Fake,EArchiartifactType::None,999,1,1,,,,false,false,false,true,false,true,true,true,3600.0,true,false,40.0,3,1500.0,6.0,45.0,100.0,15.0,1.0,1000.0,10000.0,1.0,true,,,,,,,,,,,,,,
EArtifactCrystalGlass,25744,ordinary-candidate,TemplateArtifact,,EItemType::Artifact,,0.45,36000.0,EArtifactRarity::Rare,EAnomalyElementType::Electro,EArtifactType::Electro,EArchiartifactType::None,999,1,1,,,,false,false,false,false,false,true,true,true,3600.0,true,false,40.0,7,1500.0,3.0,25.0,100.0,15.0,1.0,1000.0,10000.0,1.0,true,,,,,,,,,,,,,,
EArtifactCrystalGlass_Fake,25832,fake,EArtifactCrystalGlass,,EItemType::Artifact,EArtifactCrystalGlass,0.45,36000.0,EArtifactRarity::Rare,EAnomalyElementType::Electro,EArtifactType::Fake,EArchiartifactType::None,999,1,1,,,,false,false,false,true,false,true,true,true,3600.0,true,false,40.0,7,1500.0,3.0,25.0,100.0,15.0,1.0,1000.0,10000.0,1.0,true,,,,,,,,,,,,,,
CArtifactCottonWool,25921,ordinary-candidate,TemplateArtifact,,EItemType::Artifact,,0.3,12000.0,EArtifactRarity::Common,EAnomalyElementType::Chemical,EArtifactType::Chemical,EArchiartifactType::None,999,1,1,,,,false,false,false,false,false,true,true,true,3600.0,true,false,40.0,3,1500.0,6.0,45.0,100.0,15.0,1.0,1000.0,10000.0,1.0,true,,,,,,,,,,,,,,
CArtifactCottonWool_Fake,26012,fake,CArtifactCottonWool,,EItemType::Artifact,CArtifactCottonWool,0.3,12000.0,EArtifactRarity::Common,EAnomalyElementType::Chemical,EArtifactType::Fake,EArchiartifactType::None,999,1,1,,,,false,false,false,true,false,true,true,true,3600.0,true,false,40.0,3,1500.0,6.0,45.0,100.0,15.0,1.0,1000.0,10000.0,1.0,true,,,,,,,,,,,,,,
GArtifactLandSlug,26104,ordinary-candidate,TemplateArtifact,,EItemType::Artifact,,0.4,12000.0,EArtifactRarity::Common,EAnomalyElementType::Gravity,EArtifactType::Gravity,EArchiartifactType::None,999,1,1,,,,false,false,false,false,false,true,true,true,3600.0,true,false,40.0,3,1500.0,6.0,45.0,100.0,15.0,1.0,1000.0,10000.0,1.0,true,,,,,,,,,,,,,,
GArtifactLandSlug_Fake,26192,fake,GArtifactLandSlug,,EItemType::Artifact,GArtifactLandSlug,0.4,12000.0,EArtifactRarity::Common,EAnomalyElementType::Gravity,EArtifactType::Fake,EArchiartifactType::None,999,1,1,,,,false,false,false,true,false,true,true,true,3600.0,true,false,40.0,3,1500.0,6.0,45.0,100.0,15.0,1.0,1000.0,10000.0,1.0,true,,,,,,,,,,,,,,
CArtifactRosin,26281,ordinary-candidate,TemplateArtifact,,EItemType::Artifact,,0.35,20000.0,EArtifactRarity::Uncommon,EAnomalyElementType::Chemical,EArtifactType::Chemical,EArchiartifactType::None,999,1,1,,,,false,false,false,false,false,true,true,true,3600.0,true,false,40.0,5,1500.0,3.0,35.0,100.0,15.0,1.0,1000.0,10000.0,1.0,true,,,,,,,,,,,,,,
CArtifactRosin_Fake,26372,fake,CArtifactRosin,,EItemType::Artifact,CArtifactRosin,0.35,20000.0,EArtifactRarity::Uncommon,EAnomalyElementType::Chemical,EArtifactType::Fake,EArchiartifactType::None,999,1,1,,,,false,false,false,true,false,true,true,true,3600.0,true,false,40.0,5,1500.0,3.0,35.0,100.0,15.0,1.0,1000.0,10000.0,1.0,true,,,,,,,,,,,,,,
CArtifactPlasticine,26464,ordinary-candidate,TemplateArtifact,,EItemType::Artifact,,0.35,20000.0,EArtifactRarity::Uncommon,EAnomalyElementType::Chemical,EArtifactType::Chemical,EArchiartifactType::None,999,1,1,,,,false,false,false,false,false,true,true,true,3600.0,true,false,40.0,5,1500.0,3.0,35.0,100.0,15.0,1.0,1000.0,10000.0,1.0,true,,,,,,,,,,,,,,
CArtifactPlasticine_Fake,26555,fake,CArtifactPlasticine,,EItemType::Artifact,CArtifactPlasticine,0.35,20000.0,EArtifactRarity::Uncommon,EAnomalyElementType::Chemical,EArtifactType::Fake,EArchiartifactType::None,999,1,1,,,,false,false,false,true,false,true,true,true,3600.0,true,false,40.0,5,1500.0,3.0,35.0,100.0,15.0,1.0,1000.0,10000.0,1.0,true,,,,,,,,,,,,,,
EArtifactDope,26647,ordinary-candidate,TemplateArtifact,,EItemType::Artifact,,0.5,70000.0,EArtifactRarity::Epic,EAnomalyElementType::Electro,EArtifactType::Electro,EArchiartifactType::None,999,1,1,,,,false,false,false,false,false,true,true,true,3600.0,true,false,40.0,9,1500.0,3.0,15.0,100.0,15.0,1.0,1000.0,10000.0,1.0,true,,,,,,,,,,,,,,
EArtifactDope_Fake,26735,fake,EArtifactDope,,EItemType::Artifact,EArtifactDope,0.5,70000.0,EArtifactRarity::Epic,EAnomalyElementType::Electro,EArtifactType::Fake,EArchiartifactType::None,999,1,1,,,,false,false,false,true,false,true,true,true,3600.0,true,false,40.0,9,1500.0,3.0,15.0,100.0,15.0,1.0,1000.0,10000.0,1.0,true,,,,,,,,,,,,,,
CArtifactBouncyBall,26824,ordinary-candidate,TemplateArtifact,,EItemType::Artifact,,0.4,36000.0,EArtifactRarity::Rare,EAnomalyElementType::Chemical,EArtifactType::Chemical,EArchiartifactType::None,999,1,1,,,,false,false,false,false,false,true,true,true,3600.0,true,false,40.0,7,1500.0,3.0,25.0,100.0,15.0,1.0,1000.0,10000.0,1.0,true,,,,,,,,,,,,,,
CArtifactBouncyBall_Fake,26909,fake,CArtifactBouncyBall,,EItemType::Artifact,CArtifactBouncyBall,0.4,36000.0,EArtifactRarity::Rare,EAnomalyElementType::Chemical,EArtifactType::Fake,EArchiartifactType::None,999,1,1,,,,false,false,false,true,false,true,true,true,3600.0,true,false,40.0,7,1500.0,3.0,25.0,100.0,15.0,1.0,1000.0,10000.0,1.0,true,,,,,,,,,,,,,,
CArtifactDevilsMushroom,26995,ordinary-candidate,TemplateArtifact,,EItemType::Artifact,,0.45,36000.0,EArtifactRarity::Rare,EAnomalyElementType::Chemical,EArtifactType::Chemical,EArchiartifactType::None,999,1,1,,,,false,false,false,false,false,true,true,true,3600.0,true,false,40.0,7,1500.0,3.0,25.0,100.0,15.0,1.0,1000.0,10000.0,1.0,true,,,,,,,,,,,,,,
CArtifactDevilsMushroom_Fake,27086,fake,CArtifactDevilsMushroom,,EItemType::Artifact,CArtifactDevilsMushroom,0.45,36000.0,EArtifactRarity::Rare,EAnomalyElementType::Chemical,EArtifactType::Fake,EArchiartifactType::None,999,1,1,,,,false,false,false,true,false,true,true,true,3600.0,true,false,40.0,7,1500.0,3.0,25.0,100.0,15.0,1.0,1000.0,10000.0,1.0,true,,,,,,,,,,,,,,
EArtifactChocolate,27178,ordinary-candidate,TemplateArtifact,,EItemType::Artifact,,0.4,12000.0,EArtifactRarity::Common,EAnomalyElementType::Electro,EArtifactType::Electro,EArchiartifactType::None,999,1,1,,,,false,false,false,false,false,true,true,true,3600.0,true,false,40.0,3,1500.0,6.0,45.0,100.0,15.0,1.0,1000.0,10000.0,1.0,true,,,,,,,,,,,,,,
EArtifactChocolate_Fake,27266,fake,EArtifactChocolate,,EItemType::Artifact,EArtifactChocolate,0.4,12000.0,EArtifactRarity::Common,EAnomalyElementType::Electro,EArtifactType::Fake,EArchiartifactType::None,999,1,1,,,,false,false,false,true,false,true,true,true,3600.0,true,false,40.0,3,1500.0,6.0,45.0,100.0,15.0,1.0,1000.0,10000.0,1.0,true,,,,,,,,,,,,,,
CArtifactLiquidStone,27355,ordinary-candidate,TemplateArtifact,,EItemType::Artifact,,0.6,70000.0,EArtifactRarity::Epic,EAnomalyElementType::Chemical,EArtifactType::Chemical,EArchiartifactType::None,999,1,1,,,,false,false,false,false,false,true,true,true,3600.0,true,false,40.0,9,1500.0,3.0,15.0,100.0,15.0,1.0,1000.0,10000.0,1.0,true,,,,,,,,,,,,,,
CArtifactLiquidStone_Fake,27446,fake,CArtifactLiquidStone,,EItemType::Artifact,CArtifactLiquidStone,0.6,70000.0,EArtifactRarity::Epic,EAnomalyElementType::Chemical,EArtifactType::Fake,EArchiartifactType::None,999,1,1,,,,false,false,false,true,false,true,true,true,3600.0,true,false,40.0,9,1500.0,3.0,15.0,100.0,15.0,1.0,1000.0,10000.0,1.0,true,,,,,,,,,,,,,,
PArtifactBrain,27538,special-psy-candidate,GArtifactNightStar,,EItemType::Artifact,GArtifactNightStar,0.6,36000.0,EArtifactRarity::Rare,EAnomalyElementType::Gravity,EArtifactType::PSY,EArchiartifactType::None,999,1,1,,,,false,false,false,false,false,true,true,false,3600.0,true,false,40.0,7,1500.0,3.0,25.0,100.0,15.0,1.0,1000.0,10000.0,1.0,true,,,,,,,,,,,,,,
PArtifactBrain_Fake,27630,fake,PArtifactBrain,,EItemType::Artifact,GArtifactNightStar,0.6,36000.0,EArtifactRarity::Rare,EAnomalyElementType::Gravity,EArtifactType::Fake,EArchiartifactType::None,999,1,1,,,,false,false,false,true,false,true,true,false,3600.0,true,false,40.0,7,1500.0,3.0,25.0,100.0,15.0,1.0,1000.0,10000.0,1.0,true,,,,,,,,,,,,,,
PQuestArtifactScraper,27722,quest-or-prologue,TemplateArtifact,,EItemType::Artifact,,0.5,0.0,EArtifactRarity::Common,EAnomalyElementType::PSY,EArtifactType::PSY,EArchiartifactType::None,999,1,1,,,,false,false,false,false,false,true,true,true,0.0,true,false,40.0,0,0.0,0.0,0.0,0.0,0.0,1.0,1000.0,10000.0,1.0,true,,,,,,,,,,,,,,
PQuestArtifactScraper_Fake,27804,fake,PQuestArtifactScraper,,EItemType::Artifact,PQuestArtifactScraper,0.5,0.0,EArtifactRarity::Common,EAnomalyElementType::PSY,EArtifactType::Fake,EArchiartifactType::None,999,1,1,,,,false,false,false,false,false,true,true,true,0.0,true,false,40.0,0,0.0,0.0,0.0,0.0,0.0,1.0,1000.0,10000.0,1.0,true,,,,,,,,,,,,,,
AArtifactWeirdBall,27887,archiartifact,TemplateArtifact,,EItemType::Artifact,,0.3,12000.0,EArtifactRarity::Epic,EAnomalyElementType::Chemical,EArtifactType::Chemical,EArchiartifactType::Ball,1,1,1,,,,false,false,false,false,false,false,false,true,3600.0,true,false,10,3,1500.0,6.0,45.0,100.0,15.0,1.0,1000.0,10000.0,1.0,true,2.0,0.01,0.5,7.5,0.0,10.0,0.2,,,,,,,
AArtifactWeirdWater,27975,archiartifact,TemplateArtifact,,EItemType::Artifact,,0.55,80000.0,EArtifactRarity::Epic,EAnomalyElementType::Electro,EArtifactType::Electro,EArchiartifactType::Water,1,1,2,,,,false,false,false,false,false,false,false,true,3600.0,true,true,10,3,1500.0,6.0,45.0,100.0,15.0,1.0,1000.0,10000.0,1.0,true,,,,,,,,15.0,,,,,,
AArtifactWeirdNut,28059,archiartifact,TemplateArtifact,,EItemType::Artifact,,0.3,80000.0,EArtifactRarity::Epic,EAnomalyElementType::Chemical,EArtifactType::Chemical,EArchiartifactType::Nut,1,1,1,,,,false,false,false,false,false,false,false,true,3600.0,true,true,10,3,1500.0,6.0,45.0,100.0,15.0,1.0,1000.0,10000.0,1.0,true,,,,,,,,,,,,,,
AArtifactWeirdFlower,28141,archiartifact,TemplateArtifact,,EItemType::Artifact,,0.1,12000.0,EArtifactRarity::Epic,EAnomalyElementType::Chemical,EArtifactType::Chemical,EArchiartifactType::Flower,1,1,1,,,,false,false,false,false,false,false,false,true,3600.0,true,true,40.0,3,1500.0,6.0,45.0,100.0,15.0,1.0,1000.0,10000.0,1.0,true,,,,,,,,,7200.f,,,,,
AArtifactWeirdBolt,28227,archiartifact,TemplateArtifact,,EItemType::Artifact,,0.3,80000.0,EArtifactRarity::Epic,EAnomalyElementType::Chemical,EArtifactType::Chemical,EArchiartifactType::Bolt,1,1,1,,,,false,false,false,false,false,false,false,true,3600.0,true,true,10,3,1500.0,6.0,45.0,100.0,15.0,1.0,1000.0,10000.0,1.0,true,,,,,,,,,,300.0,1.0,20.0,false,
AArtifactWeirdKettle,28403,archiartifact,TemplateArtifact,,EItemType::Artifact,,0.65,80000.0,EArtifactRarity::Epic,EAnomalyElementType::Chemical,EArtifactType::Chemical,EArchiartifactType::Kettle,1,1,1,,,,false,false,false,false,false,false,false,true,3600.0,true,true,10,3,1500.0,6.0,45.0,100.0,15.0,1.0,1000.0,10000.0,1.0,true,,,,,,,,,,,,,,
CPrologArtifactSlug,28484,quest-or-prologue,CArtifactSlug,,EItemType::Artifact,CArtifactSlug,0.6,12000.0,EArtifactRarity::Common,EAnomalyElementType::Chemical,EArtifactType::Chemical,EArchiartifactType::None,999,1,1,true,,,false,false,false,false,false,true,false,true,3600.0,false,false,40.0,3,1500.0,6.0,45.0,100.0,15.0,1.0,1000.0,10000.0,1.0,true,,,,,,,,,,,,,,
TemplateQuestArtifact,58396,template,TemplateArtifact,ArtifactPrototypes.cfg,EItemType::Info,,0.5,0.0,EArtifactRarity::Common,EAnomalyElementType::None,EArtifactType::None,EArchiartifactType::None,999,1,1,true,true,false,false,false,false,false,false,true,true,true,3600.0,true,false,40.0,3,1500.0,6.0,45.0,100.0,15.0,1.0,1000.0,10000.0,1.0,true,,,,,,,,,,,,,,
SQ13_Soul,63192,quest-or-prologue,EArtifactSoul,ArtifactPrototypes.cfg,EItemType::Artifact,,0.4,20000.0,EArtifactRarity::Uncommon,EAnomalyElementType::Electro,EArtifactType::Electro,EArchiartifactType::None,999,1,1,true,true,,false,false,false,false,false,true,true,true,3600.0,true,false,40.0,5,1500.0,3.0,35.0,100.0,15.0,1.0,1000.0,10000.0,1.0,true,,,,,,,,,,,,,,
QuestArtifactCrystalThorn,66664,quest-or-prologue,CArtifactCrystalThorn,ArtifactPrototypes.cfg,EItemType::Artifact,,0.5,12000.0,EArtifactRarity::Common,EAnomalyElementType::Chemical,EArtifactType::Chemical,EArchiartifactType::None,999,1,1,true,true,,false,false,false,false,false,false,true,true,3600.0,true,false,40.0,999,20000.0,0.5,0.5,150.0,20.0,1.5,100000.0,100000.0,1.0,true,,,,,,,,,,,,,,300.0
QuestArtifactHeartofChornobyl,72557,quest-or-prologue,TemplateArtifact,ArtifactPrototypes.cfg,EItemType::Artifact,QuestArtifactHeartOfChornobyl,0.5,0.0,EArtifactRarity::Epic,EAnomalyElementType::Gravity,EArtifactType::PSY,EArchiartifactType::HeartOfChornobyl,999,1,1,,,,false,false,false,false,false,true,false,true,3600.0,true,false,40.0,3,1500.0,6.0,45.0,100.0,15.0,1.0,1000.0,10000.0,1.0,true,,,,,,,,,,,,,,
